INSERT INTO 街道办事处
	VALUES('01','龙岗街道',13527272721,'上边'),
	('02','双路街道',13527272722,'下边'),
	('03','智凤街道',13527272723,'左边'),
	('04','登云街道',13527272724,'右边'),
	('05','南磨房街道',13527272725,'北京市朝阳区西大望路甲29号')
	
INSERT INTO 小区
	VALUES('阳光水岸','龙岗一小下边','01'),
	('金色花园','双桥中央','02'),
	('绿地海棠湾','智凤13号','03'),
	('登云天棠','登云7号','04'),
	('平乐园小区','西大望路和南磨房路交叉口','05'),
	('美景东方','松榆南路38号','05')
	
INSERT INTO 楼
	VALUES('阳光水岸','01',29,290),
	('金色花园','01',30,300),
	('绿地海棠湾','01',31,310),
	('登云天棠','01',32,320),
	('平乐园小区','01',33,330),
	('平乐园小区','02',33,330),
	('平乐园小区','03',33,330),
	('平乐园小区','04',33,330),
	('美景东方','01',29,285)

	
INSERT INTO 住户
	VALUES('阳光水岸','01','1-1-1',100,'阳1'),
	('金色花园','01','1-1-1',100,'金1'),
	('绿地海棠湾','01','1-1-1',100,'绿1'),
	('登云天棠','01','1-1-1',100,'登1'),
	('平乐园小区','01','1-1-1',100,'平1-1'),
	('平乐园小区','01','1-1-2',130,'平1-1'),
	('平乐园小区','01','1-2-1',100,'平1-2'),
	('平乐园小区','02','2-1-1',100,'平2-1'),
	('平乐园小区','03','3-1-1',100,'平3-1'),
	('平乐园小区','04','4-1-1',100,'平4-1'),
	('平乐园小区','04','4-2-1',100,'平4-2'),
	('平乐园小区','04','4-3-1',100,'平4-3'),
	('平乐园小区','04','4-4-1',100,'平4-4'),
	('平乐园小区','04','4-5-1',100,'平4-5'),
	('美景东方','01','1-1-1',100,'美1-1'),
	('美景东方','01','1-2-1',100,'美1-2'),
	('美景东方','01','1-3-1',100,'美1-3'),
	('美景东方','01','1-4-1',100,'美1-4')
	
INSERT INTO 居民
	VALUES('000000000000000000','平1-1',30,'F','平乐园小区','01','1-1-1'),
	('000000000000000001','平1-11',50,'M','平乐园小区','01','1-1-1'),
	('000000000000000002','平1-12',60,'F','平乐园小区','01','1-1-1'),
	('000000000000000003','平1-2',12,'F','平乐园小区','01','1-2-1'),
	('000000000000000004','平1-21',80,'M','平乐园小区','01','1-2-1'),
	('000000000000000005','平2-1',30,'F','平乐园小区','02','2-1-1'),
	('000000000000000006','平3-1',30,'F','平乐园小区','03','3-1-1'),
	('000000000000000007','平4-1',30,'F','平乐园小区','04','4-1-1'),
	('000000000000000008','平4-2',30,'F','平乐园小区','04','4-2-1'),
	('000000000000000009','平4-3',30,'F','平乐园小区','04','4-3-1'),
	('000000000000000010','平4-4',30,'F','平乐园小区','04','4-4-1'),
	('000000000000000011','平4-5',30,'F','平乐园小区','04','4-5-1'),
	('000000000000000012','平4-51',30,'M','平乐园小区','04','4-5-1'),
	('000000000000000013','美1-1',30,'M','美景东方','01','1-1-1'),
	('000000000000000014','美1-2',30,'M','美景东方','01','1-2-1'),
	('000000000000000015','美1-3',30,'M','美景东方','01','1-3-1'),
	('000000000000000016','美1-4',30,'M','美景东方','01','1-4-1')
	
INSERT INTO 街道文体活动
	VALUES(1,'国庆活动','2019-10-1','天安门广场','05'),
	(2,'春节活动','2020-1-15','街道办门口','05')
	
INSERT INTO 小区文体活动
	VALUES(1,'扫雪','2019-1-20','小区广场','平乐园小区'),
	(2,'中秋活动','2020-10-1','小区广场','平乐园小区')
	
INSERT INTO 参加街道活动
	VALUES(1,'000000000000000000'),
	(1,'000000000000000001'),
	(1,'000000000000000002'),
	(1,'000000000000000003'),
	(1,'000000000000000004'),
	(1,'000000000000000013'),
	(1,'000000000000000014'),
	(2,'000000000000000000'),
	(2,'000000000000000001'),
	(2,'000000000000000002'),
	(2,'000000000000000003'),
	(2,'000000000000000004'),
	(2,'000000000000000013'),
	(2,'000000000000000014'),
	(2,'000000000000000015'),
	(2,'000000000000000016')
	

INSERT INTO 参加小区活动
	VALUES(1,'000000000000000014'),
	(2,'000000000000000000')
